Date;Temp;Humid
2014-10-30 06:55:04; 19; 51
2014-10-30 06:55:35; 19; 51
2014-10-30 06:56:05; 19; 51
2014-10-30 06:56:36; 19; 51
2014-10-30 06:57:06; 19; 51
2014-10-30 06:57:37; 19; 51
2014-10-30 06:58:10; 19; 51
2014-10-30 06:58:43; 19; 50
2014-10-30 06:59:14; 19; 51
2014-10-30 06:59:44; 19; 51
2014-10-30 07:00:17; 19; 51
2014-10-30 07:00:48; 19; 50
2014-10-30 07:01:18; 19; 50
2014-10-30 07:01:51; 19; 50
2014-10-30 07:02:25; 19; 50
2014-10-30 07:02:55; 19; 50
2014-10-30 07:03:26; 19; 50
2014-10-30 07:03:56; 19; 50
2014-10-30 07:04:27; 19; 50
2014-10-30 07:05:00; 19; 50
2014-10-30 07:05:30; 19; 50
2014-10-30 07:06:01; 19; 50
2014-10-30 07:06:31; 19; 50
2014-10-30 07:07:05; 19; 50
2014-10-30 07:07:35; 19; 50
2014-10-30 07:08:06; 19; 50
2014-10-30 07:08:36; 19; 50
2014-10-30 07:09:07; 19; 50
2014-10-30 07:09:37; 19; 50
2014-10-30 07:10:08; 19; 50
2014-10-30 07:10:38; 19; 50
2014-10-30 07:11:09; 19; 50
2014-10-30 07:11:40; 19; 50
2014-10-30 07:12:10; 19; 50
2014-10-30 07:12:41; 19; 50
2014-10-30 07:13:11; 19; 50
2014-10-30 07:13:42; 19; 50
2014-10-30 07:14:12; 19; 50
2014-10-30 07:14:45; 19; 50
2014-10-30 07:15:16; 19; 50
2014-10-30 07:15:46; 19; 50
2014-10-30 07:16:17; 19; 50
2014-10-30 07:16:48; 19; 50
2014-10-30 07:17:18; 19; 50
2014-10-30 07:17:49; 19; 50
2014-10-30 07:18:19; 19; 50
2014-10-30 07:18:50; 19; 50
2014-10-30 07:19:20; 19; 50
2014-10-30 07:19:51; 19; 50
2014-10-30 07:20:21; 19; 50
2014-10-30 07:20:52; 19; 49
2014-10-30 07:21:23; 19; 49
2014-10-30 07:21:53; 19; 49
2014-10-30 07:22:24; 19; 49
2014-10-30 07:22:54; 19; 49
2014-10-30 07:23:27; 19; 49
2014-10-30 07:23:58; 19; 49
2014-10-30 07:24:28; 19; 49
2014-10-30 07:24:59; 19; 49
2014-10-30 07:25:30; 19; 49
2014-10-30 07:26:00; 19; 49
2014-10-30 07:26:31; 19; 49
2014-10-30 07:27:01; 19; 49
2014-10-30 07:27:32; 19; 49
2014-10-30 07:28:05; 19; 49
2014-10-30 07:28:35; 19; 49
2014-10-30 07:29:06; 19; 49
2014-10-30 07:29:36; 19; 49
2014-10-30 07:30:07; 19; 49
2014-10-30 07:30:38; 19; 49
2014-10-30 07:31:08; 19; 49
2014-10-30 07:31:39; 19; 49
2014-10-30 07:32:09; 19; 49
2014-10-30 07:32:40; 19; 49
2014-10-30 07:33:10; 19; 49
2014-10-30 07:33:41; 18; 50
2014-10-30 07:34:11; 18; 50
2014-10-30 07:34:42; 18; 50
2014-10-30 07:35:13; 18; 50
2014-10-30 07:35:46; 18; 50
2014-10-30 07:36:16; 18; 50
2014-10-30 07:36:47; 18; 50
2014-10-30 07:37:17; 18; 50
2014-10-30 07:37:48; 18; 50
2014-10-30 07:38:21; 18; 50
2014-10-30 07:38:51; 18; 50
2014-10-30 07:39:22; 18; 50
2014-10-30 07:39:53; 18; 50
2014-10-30 07:40:23; 18; 50
2014-10-30 07:40:54; 18; 50
2014-10-30 07:41:24; 18; 50
2014-10-30 07:41:55; 18; 50
2014-10-30 07:42:25; 18; 50
2014-10-30 07:42:56; 18; 51
2014-10-30 07:43:26; 18; 50
2014-10-30 07:43:57; 18; 51
2014-10-30 07:44:28; 18; 51
2014-10-30 07:45:03; 18; 51
2014-10-30 07:45:34; 18; 50
2014-10-30 07:46:07; 19; 50
2014-10-30 07:46:37; 18; 51
2014-10-30 07:47:08; 18; 51
2014-10-30 07:47:38; 19; 50
2014-10-30 07:48:14; 19; 50
2014-10-30 07:48:47; 19; 50
2014-10-30 07:49:23; 19; 50
2014-10-30 07:49:53; 19; 49
2014-10-30 07:50:24; 19; 50
2014-10-30 07:50:54; 19; 50
2014-10-30 07:51:25; 19; 50
2014-10-30 07:52:01; 19; 50
2014-10-30 07:52:31; 19; 49
2014-10-30 07:53:02; 19; 50
2014-10-30 07:53:32; 19; 50
2014-10-30 07:54:05; 19; 50
2014-10-30 07:54:38; 19; 50
2014-10-30 07:55:09; 19; 49
2014-10-30 07:55:39; 19; 50
2014-10-30 07:56:10; 19; 50
2014-10-30 07:56:41; 19; 50
2014-10-30 07:57:11; 19; 50
2014-10-30 07:57:42; 19; 50
2014-10-30 07:58:12; 19; 50
2014-10-30 07:58:45; 19; 50
2014-10-30 07:59:16; 19; 49
2014-10-30 07:59:46; 19; 50
2014-10-30 08:00:17; 19; 50
2014-10-30 08:00:48; 19; 50
2014-10-30 08:01:18; 19; 50
2014-10-30 08:01:49; 19; 50
2014-10-30 08:02:19; 19; 50
2014-10-30 08:02:50; 19; 50
2014-10-30 08:03:20; 19; 50
2014-10-30 08:03:51; 19; 50
2014-10-30 08:04:21; 19; 50
2014-10-30 08:04:52; 19; 49
2014-10-30 08:05:23; 19; 50
2014-10-30 08:05:53; 19; 50
2014-10-30 08:06:24; 19; 49
2014-10-30 08:06:54; 19; 50
2014-10-30 08:07:25; 19; 50
2014-10-30 08:07:55; 19; 49
2014-10-30 08:08:26; 19; 50
2014-10-30 08:08:56; 19; 50
2014-10-30 08:09:27; 19; 50
2014-10-30 08:09:58; 19; 50
2014-10-30 08:10:28; 19; 50
2014-10-30 08:11:01; 19; 50
2014-10-30 08:11:32; 19; 49
2014-10-30 08:12:02; 19; 50
2014-10-30 08:12:33; 19; 50
2014-10-30 08:13:03; 19; 50
2014-10-30 08:13:34; 19; 49
2014-10-30 08:14:04; 19; 50
2014-10-30 08:14:35; 19; 50
2014-10-30 08:15:06; 19; 50
2014-10-30 08:15:36; 19; 50
2014-10-30 08:16:07; 19; 49
2014-10-30 08:16:37; 19; 50
2014-10-30 08:17:08; 19; 50
2014-10-30 08:17:41; 19; 50
2014-10-30 08:18:11; 19; 50
2014-10-30 08:18:42; 19; 50
2014-10-30 08:19:13; 19; 50
2014-10-30 08:19:43; 19; 50
2014-10-30 08:20:14; 19; 50
2014-10-30 08:20:44; 19; 49
2014-10-30 08:21:15; 19; 50
2014-10-30 08:21:48; 19; 50
2014-10-30 08:22:18; 19; 49
2014-10-30 08:22:49; 19; 50
2014-10-30 08:23:20; 19; 50
2014-10-30 08:23:50; 19; 50
2014-10-30 08:24:21; 19; 50
2014-10-30 08:24:51; 19; 50
2014-10-30 08:25:22; 19; 50
2014-10-30 08:25:52; 19; 50
2014-10-30 08:26:23; 19; 50
2014-10-30 08:26:53; 19; 50
2014-10-30 08:27:24; 19; 50
2014-10-30 08:27:54; 19; 49
2014-10-30 08:28:30; 19; 49
2014-10-30 08:29:01; 19; 49
2014-10-30 08:29:31; 19; 50
2014-10-30 08:30:04; 19; 50
2014-10-30 08:30:35; 19; 49
2014-10-30 08:31:08; 19; 50
2014-10-30 08:31:38; 19; 49
2014-10-30 08:32:09; 19; 50
2014-10-30 08:32:40; 19; 50
2014-10-30 08:33:13; 19; 50
2014-10-30 08:33:46; 19; 50
2014-10-30 08:34:16; 19; 50
2014-10-30 08:34:47; 19; 50
2014-10-30 08:35:17; 19; 50
2014-10-30 08:35:48; 19; 50
2014-10-30 08:36:19; 19; 50
2014-10-30 08:36:49; 19; 50
2014-10-30 08:37:22; 19; 50
2014-10-30 08:37:53; 19; 49
2014-10-30 08:38:23; 19; 50
2014-10-30 08:38:54; 19; 50
2014-10-30 08:39:27; 19; 50
2014-10-30 08:39:57; 19; 49
2014-10-30 08:40:31; 19; 50
2014-10-30 08:41:06; 19; 49
2014-10-30 08:41:37; 19; 49
2014-10-30 08:42:07; 19; 50
2014-10-30 08:42:38; 19; 50
2014-10-30 08:43:08; 19; 50
2014-10-30 08:43:39; 19; 50
2014-10-30 08:44:09; 19; 50
2014-10-30 08:44:40; 19; 50
2014-10-30 08:45:13; 19; 50
2014-10-30 08:45:49; 19; 49
2014-10-30 08:46:19; 19; 49
2014-10-30 08:46:50; 19; 50
2014-10-30 08:47:23; 19; 50
2014-10-30 08:47:53; 19; 49
2014-10-30 08:48:24; 19; 50
2014-10-30 08:48:55; 19; 50
2014-10-30 08:49:28; 19; 49
2014-10-30 08:50:01; 19; 50
2014-10-30 08:50:31; 19; 50
2014-10-30 08:51:02; 19; 50
2014-10-30 08:51:32; 19; 50
2014-10-30 08:52:03; 19; 49
2014-10-30 08:52:33; 19; 50
2014-10-30 08:53:04; 19; 50
2014-10-30 08:53:35; 19; 50
2014-10-30 08:54:05; 19; 50
2014-10-30 08:54:38; 19; 50
2014-10-30 08:55:09; 19; 50
2014-10-30 08:55:39; 19; 50
2014-10-30 08:56:10; 19; 50
2014-10-30 08:56:40; 19; 50
2014-10-30 08:57:11; 19; 50
2014-10-30 08:57:42; 19; 50
2014-10-30 08:58:12; 19; 49
2014-10-30 08:58:43; 19; 50
2014-10-30 08:59:16; 19; 50
2014-10-30 08:59:46; 19; 50
2014-10-30 09:00:17; 19; 50
2014-10-30 09:00:47; 19; 50
2014-10-30 09:01:18; 19; 50
2014-10-30 09:01:48; 19; 50
2014-10-30 09:02:19; 19; 50
2014-10-30 09:02:50; 19; 50
2014-10-30 09:03:25; 19; 50
2014-10-30 09:03:56; 19; 50
2014-10-30 09:04:26; 19; 50
2014-10-30 09:04:57; 19; 50
2014-10-30 09:05:27; 19; 50
2014-10-30 09:06:03; 19; 50
2014-10-30 09:06:34; 19; 50
2014-10-30 09:07:04; 19; 50
2014-10-30 09:07:35; 19; 50
2014-10-30 09:08:05; 19; 50
2014-10-30 09:08:36; 19; 50
2014-10-30 09:09:06; 19; 50
2014-10-30 09:09:37; 19; 50
2014-10-30 09:10:07; 19; 50
2014-10-30 09:10:43; 19; 50
2014-10-30 09:11:14; 19; 50
2014-10-30 09:11:44; 19; 50
2014-10-30 09:12:15; 19; 50
2014-10-30 09:12:45; 19; 50
2014-10-30 09:13:16; 19; 50
2014-10-30 09:13:49; 19; 50
2014-10-30 09:14:19; 19; 50
2014-10-30 09:14:50; 19; 50
2014-10-30 09:15:20; 19; 50
2014-10-30 09:15:54; 19; 50
2014-10-30 09:16:24; 19; 50
2014-10-30 09:16:57; 19; 50
2014-10-30 09:17:30; 19; 50
2014-10-30 09:18:01; 19; 50
2014-10-30 09:18:31; 19; 50
2014-10-30 09:19:02; 19; 50
2014-10-30 09:19:32; 19; 50
2014-10-30 09:20:03; 19; 49
2014-10-30 09:20:34; 19; 50
2014-10-30 09:21:04; 19; 50
2014-10-30 09:21:35; 19; 50
2014-10-30 09:22:05; 19; 50
2014-10-30 09:22:36; 19; 50
2014-10-30 09:23:06; 19; 50
2014-10-30 09:23:37; 19; 50
2014-10-30 09:24:07; 19; 49
2014-10-30 09:24:38; 19; 50
2014-10-30 09:25:09; 19; 50
2014-10-30 09:25:39; 19; 50
2014-10-30 09:26:10; 19; 50
2014-10-30 09:26:40; 19; 50
2014-10-30 09:27:11; 19; 50
2014-10-30 09:27:41; 19; 50
2014-10-30 09:28:19; 19; 50
2014-10-30 09:28:50; 19; 50
2014-10-30 09:29:21; 19; 50
2014-10-30 09:29:51; 19; 50
2014-10-30 09:30:22; 19; 50
2014-10-30 09:30:52; 19; 50
2014-10-30 09:31:23; 19; 50
2014-10-30 09:31:53; 19; 50
2014-10-30 09:32:24; 19; 51
2014-10-30 09:32:54; 19; 51
2014-10-30 09:33:25; 19; 51
2014-10-30 09:33:58; 19; 51
2014-10-30 09:34:31; 19; 52
2014-10-30 09:35:02; 19; 51
2014-10-30 09:35:32; 19; 52
2014-10-30 09:36:03; 19; 52
2014-10-30 09:36:33; 19; 51
2014-10-30 09:37:04; 19; 52
2014-10-30 09:37:34; 19; 52
2014-10-30 09:38:05; 19; 52
2014-10-30 09:38:36; 19; 52
2014-10-30 09:39:09; 19; 52
2014-10-30 09:39:47; 19; 52
2014-10-30 09:40:17; 19; 52
2014-10-30 09:40:50; 19; 53
2014-10-30 09:41:23; 19; 53
2014-10-30 09:41:57; 19; 53
2014-10-30 09:42:30; 19; 53
2014-10-30 09:43:00; 19; 52
2014-10-30 09:43:33; 19; 53
2014-10-30 09:44:04; 19; 52
2014-10-30 09:44:34; 19; 52
2014-10-30 09:45:05; 19; 52
2014-10-30 09:45:41; 19; 52
2014-10-30 09:46:11; 19; 52
2014-10-30 09:46:42; 20; 52
2014-10-30 09:47:15; 19; 52
2014-10-30 09:47:45; 19; 52
2014-10-30 09:48:16; 19; 52
2014-10-30 09:48:46; 20; 52
2014-10-30 09:49:17; 19; 52
2014-10-30 09:49:47; 19; 52
2014-10-30 09:50:21; 20; 52
2014-10-30 09:50:51; 19; 52
2014-10-30 09:51:24; 19; 52
2014-10-30 09:51:55; 20; 52
2014-10-30 09:52:25; 20; 52
2014-10-30 09:52:58; 20; 52
2014-10-30 09:53:29; 20; 52
2014-10-30 09:53:59; 20; 52
2014-10-30 09:54:30; 20; 52
2014-10-30 09:55:01; 20; 52
2014-10-30 09:55:31; 20; 52
2014-10-30 09:56:02; 20; 52
2014-10-30 09:56:35; 20; 52
2014-10-30 09:57:05; 20; 52
2014-10-30 09:57:38; 20; 52
2014-10-30 09:58:09; 19; 52
2014-10-30 09:58:39; 19; 52
2014-10-30 09:59:13; 19; 52
2014-10-30 09:59:43; 19; 51
2014-10-30 10:00:14; 19; 52
2014-10-30 10:00:47; 19; 52
2014-10-30 10:01:17; 19; 51
2014-10-30 10:01:48; 20; 52
2014-10-30 10:02:18; 19; 52
2014-10-30 10:02:49; 20; 52
2014-10-30 10:03:20; 19; 52
2014-10-30 10:03:53; 19; 52
2014-10-30 10:04:23; 19; 51
2014-10-30 10:04:54; 19; 52
2014-10-30 10:05:24; 19; 52
2014-10-30 10:05:55; 19; 52
2014-10-30 10:06:25; 19; 52
2014-10-30 10:06:58; 19; 52
2014-10-30 10:07:32; 19; 52
2014-10-30 10:08:02; 19; 51
2014-10-30 10:08:33; 19; 52
2014-10-30 10:09:03; 19; 51
2014-10-30 10:09:34; 19; 51
2014-10-30 10:10:04; 19; 51
2014-10-30 10:10:35; 19; 52
2014-10-30 10:11:05; 19; 51
2014-10-30 10:11:36; 19; 51
2014-10-30 10:12:07; 19; 50
2014-10-30 10:12:37; 20; 52
2014-10-30 10:13:08; 19; 52
2014-10-30 10:13:38; 20; 51
2014-10-30 10:14:16; 20; 51
2014-10-30 10:14:49; 20; 52
2014-10-30 10:15:20; 20; 51
2014-10-30 10:15:50; 20; 52
2014-10-30 10:16:29; 20; 51
2014-10-30 10:16:59; 20; 51
2014-10-30 10:17:30; 20; 52
2014-10-30 10:18:00; 20; 52
2014-10-30 10:18:31; 20; 52
2014-10-30 10:19:01; 20; 52
2014-10-30 10:19:32; 20; 52
2014-10-30 10:20:02; 20; 51
2014-10-30 10:20:33; 20; 51
2014-10-30 10:21:04; 20; 51
2014-10-30 10:21:34; 20; 51
2014-10-30 10:22:05; 20; 51
2014-10-30 10:22:35; 20; 52
2014-10-30 10:23:06; 20; 51
2014-10-30 10:23:36; 20; 52
2014-10-30 10:24:07; 20; 50
2014-10-30 10:24:40; 20; 52
2014-10-30 10:25:10; 20; 51
2014-10-30 10:25:41; 20; 52
2014-10-30 10:26:12; 20; 52
2014-10-30 10:26:42; 20; 51
2014-10-30 10:27:18; 20; 51
2014-10-30 10:27:48; 20; 51
2014-10-30 10:28:19; 20; 52
2014-10-30 10:28:49; 20; 51
2014-10-30 10:29:20; 20; 52
2014-10-30 10:29:50; 20; 51
2014-10-30 10:30:21; 20; 51
2014-10-30 10:30:52; 20; 51
2014-10-30 10:31:22; 20; 52
2014-10-30 10:31:55; 20; 51
2014-10-30 10:32:28; 20; 52
2014-10-30 10:32:59; 20; 52
2014-10-30 10:33:29; 20; 51
2014-10-30 10:34:00; 20; 52
2014-10-30 10:34:35; 20; 51
2014-10-30 10:35:06; 20; 51
2014-10-30 10:35:39; 20; 51
2014-10-30 10:36:10; 20; 51
2014-10-30 10:36:40; 20; 52
2014-10-30 10:37:11; 20; 51
2014-10-30 10:37:41; 20; 52
2014-10-30 10:38:12; 20; 52
2014-10-30 10:38:42; 20; 52
2014-10-30 10:39:13; 20; 52
2014-10-30 10:39:44; 20; 52
2014-10-30 10:40:14; 20; 52
2014-10-30 10:40:47; 20; 52
2014-10-30 10:41:18; 20; 51
2014-10-30 10:41:48; 20; 52
2014-10-30 10:42:19; 20; 52
2014-10-30 10:42:49; 20; 52
2014-10-30 10:43:20; 20; 52
2014-10-30 10:43:50; 20; 51
2014-10-30 10:44:21; 20; 51
2014-10-30 10:44:52; 20; 51
2014-10-30 10:45:22; 20; 51
2014-10-30 10:45:53; 20; 51
2014-10-30 10:46:23; 20; 52
2014-10-30 10:46:56; 20; 52
2014-10-30 10:47:27; 20; 51
2014-10-30 10:47:57; 20; 51
2014-10-30 10:48:28; 20; 51
2014-10-30 10:48:59; 20; 51
2014-10-30 10:49:29; 20; 51
2014-10-30 10:50:00; 20; 51
2014-10-30 10:50:30; 20; 51
2014-10-30 10:51:01; 20; 52
2014-10-30 10:51:34; 20; 52
2014-10-30 10:52:04; 20; 51
2014-10-30 10:52:35; 20; 51
2014-10-30 10:53:05; 20; 51
2014-10-30 10:53:36; 20; 51
2014-10-30 10:54:07; 20; 51
2014-10-30 10:54:40; 20; 51
2014-10-30 10:55:10; 20; 51
2014-10-30 10:55:41; 20; 51
2014-10-30 10:56:11; 21; 50
2014-10-30 10:56:42; 21; 50
2014-10-30 10:57:12; 21; 51
2014-10-30 10:57:43; 21; 50
2014-10-30 10:58:14; 20; 51
2014-10-30 10:58:44; 21; 50
2014-10-30 10:59:15; 21; 50
2014-10-30 10:59:45; 21; 50
2014-10-30 11:00:16; 21; 50
2014-10-30 11:00:46; 21; 50
2014-10-30 11:01:17; 21; 50
2014-10-30 11:01:47; 21; 50
2014-10-30 11:02:18; 21; 51
2014-10-30 11:02:48; 21; 50
2014-10-30 11:03:22; 21; 50
2014-10-30 11:03:52; 21; 50
2014-10-30 11:04:23; 21; 50
2014-10-30 11:04:53; 21; 50
2014-10-30 11:05:24; 20; 51
2014-10-30 11:05:54; 20; 51
2014-10-30 11:06:27; 20; 51
2014-10-30 11:07:03; 20; 51
2014-10-30 11:07:34; 20; 51
2014-10-30 11:08:04; 20; 51
2014-10-30 11:08:35; 20; 51
2014-10-30 11:09:05; 20; 51
2014-10-30 11:09:36; 20; 51
2014-10-30 11:10:06; 20; 51
2014-10-30 11:10:39; 20; 51
2014-10-30 11:11:12; 20; 51
2014-10-30 11:11:43; 20; 51
2014-10-30 11:12:14; 20; 51
2014-10-30 11:12:44; 20; 51
2014-10-30 11:13:15; 20; 51
2014-10-30 11:13:45; 20; 51
2014-10-30 11:14:16; 20; 51
2014-10-30 11:14:46; 20; 51
2014-10-30 11:15:17; 20; 51
2014-10-30 11:15:47; 20; 51
2014-10-30 11:16:18; 20; 51
2014-10-30 11:16:49; 20; 51
2014-10-30 11:17:19; 20; 51
2014-10-30 11:17:50; 20; 51
2014-10-30 11:18:20; 20; 52
2014-10-30 11:18:53; 21; 50
2014-10-30 11:19:24; 21; 49
2014-10-30 11:20:04; 21; 50
2014-10-30 11:20:35; 21; 50
2014-10-30 11:21:06; 21; 50
2014-10-30 11:21:36; 21; 50
2014-10-30 11:22:07; 21; 50
2014-10-30 11:22:37; 21; 50
2014-10-30 11:23:08; 21; 50
2014-10-30 11:23:38; 21; 50
2014-10-30 11:24:09; 21; 50
2014-10-30 11:24:39; 21; 50
2014-10-30 11:25:10; 21; 50
2014-10-30 11:25:43; 21; 50
2014-10-30 11:26:16; 21; 50
2014-10-30 11:26:47; 21; 50
2014-10-30 11:27:22; 21; 50
2014-10-30 11:27:53; 21; 50
2014-10-30 11:28:23; 21; 50
2014-10-30 11:28:56; 21; 50
2014-10-30 11:29:27; 21; 50
2014-10-30 11:29:58; 21; 50
2014-10-30 11:30:28; 21; 50
2014-10-30 11:30:59; 21; 50
2014-10-30 11:31:32; 21; 50
2014-10-30 11:32:02; 21; 50
2014-10-30 11:32:33; 21; 50
2014-10-30 11:33:03; 21; 50
2014-10-30 11:33:34; 21; 50
2014-10-30 11:34:05; 21; 50
2014-10-30 11:34:38; 21; 50
2014-10-30 11:35:11; 21; 50
2014-10-30 11:35:44; 21; 50
2014-10-30 11:36:17; 21; 50
2014-10-30 11:36:47; 21; 50
2014-10-30 11:37:18; 21; 51
2014-10-30 11:37:51; 21; 50
2014-10-30 11:38:22; 21; 50
2014-10-30 11:39:05; 21; 50
2014-10-30 11:39:35; 21; 50
2014-10-30 11:40:06; 21; 50
2014-10-30 11:40:36; 21; 50
2014-10-30 11:41:09; 21; 50
2014-10-30 11:41:40; 21; 50
2014-10-30 11:42:11; 21; 50
2014-10-30 11:42:49; 21; 49
2014-10-30 11:43:19; 21; 50
2014-10-30 11:43:50; 21; 50
2014-10-30 11:44:20; 21; 50
2014-10-30 11:44:51; 21; 50
2014-10-30 11:45:21; 21; 50
2014-10-30 11:45:52; 21; 50
2014-10-30 11:46:23; 21; 50
2014-10-30 11:46:53; 21; 50
2014-10-30 11:47:24; 21; 50
2014-10-30 11:47:54; 21; 50
2014-10-30 11:48:25; 21; 50
2014-10-30 11:48:55; 21; 50
2014-10-30 11:49:26; 21; 50
2014-10-30 11:50:02; 21; 49
2014-10-30 11:50:35; 21; 50
2014-10-30 11:51:05; 21; 49
2014-10-30 11:51:36; 21; 50
2014-10-30 11:52:06; 21; 50
2014-10-30 11:52:37; 21; 50
2014-10-30 11:53:07; 21; 50
2014-10-30 11:53:38; 21; 50
2014-10-30 11:54:11; 21; 50
2014-10-30 11:54:42; 22; 49
2014-10-30 11:55:17; 22; 49
2014-10-30 11:55:48; 22; 49
2014-10-30 11:56:18; 22; 50
2014-10-30 11:56:49; 22; 50
2014-10-30 11:57:19; 22; 50
2014-10-30 11:57:50; 22; 50
2014-10-30 11:58:21; 22; 50
2014-10-30 11:58:51; 22; 50
2014-10-30 11:59:22; 22; 50
2014-10-30 11:59:52; 22; 50
2014-10-30 12:00:25; 22; 49
2014-10-30 12:00:56; 22; 50
2014-10-30 12:01:31; 22; 49
2014-10-30 12:02:02; 22; 49
2014-10-30 12:02:32; 22; 49
2014-10-30 12:03:03; 22; 49
2014-10-30 12:03:34; 22; 49
2014-10-30 12:04:07; 22; 49
2014-10-30 12:04:37; 22; 49
2014-10-30 12:05:08; 22; 49
2014-10-30 12:05:41; 22; 49
2014-10-30 12:06:11; 22; 49
2014-10-30 12:06:42; 22; 49
2014-10-30 12:07:13; 22; 49
2014-10-30 12:07:43; 22; 49
2014-10-30 12:08:16; 22; 49
2014-10-30 12:08:47; 22; 49
2014-10-30 12:09:17; 22; 49
2014-10-30 12:09:48; 22; 49
2014-10-30 12:10:18; 22; 49
2014-10-30 12:10:49; 22; 49
2014-10-30 12:11:19; 22; 49
2014-10-30 12:11:50; 22; 49
2014-10-30 12:12:23; 22; 49
2014-10-30 12:12:54; 22; 49
2014-10-30 12:13:27; 22; 49
2014-10-30 12:13:57; 22; 49
2014-10-30 12:14:28; 22; 49
2014-10-30 12:14:58; 22; 49
2014-10-30 12:15:29; 22; 49
2014-10-30 12:16:00; 22; 49
2014-10-30 12:16:30; 22; 49
2014-10-30 12:17:01; 23; 48
2014-10-30 12:17:31; 22; 49
2014-10-30 12:18:02; 23; 48
2014-10-30 12:18:35; 23; 48
2014-10-30 12:19:08; 22; 49
2014-10-30 12:19:38; 22; 48
2014-10-30 12:20:12; 23; 48
2014-10-30 12:20:42; 23; 48
2014-10-30 12:21:13; 23; 48
2014-10-30 12:21:46; 23; 48
2014-10-30 12:22:19; 23; 48
2014-10-30 12:22:57; 23; 48
2014-10-30 12:23:27; 23; 48
2014-10-30 12:23:58; 23; 48
2014-10-30 12:24:29; 23; 48
2014-10-30 12:24:59; 23; 48
2014-10-30 12:25:30; 23; 48
2014-10-30 12:26:03; 23; 48
2014-10-30 12:26:36; 23; 48
2014-10-30 12:27:06; 23; 47
2014-10-30 12:27:37; 23; 48
2014-10-30 12:28:08; 23; 48
2014-10-30 12:28:41; 23; 48
2014-10-30 12:29:11; 23; 48
2014-10-30 12:29:44; 23; 48
2014-10-30 12:30:15; 23; 47
2014-10-30 12:30:48; 23; 48
2014-10-30 12:31:18; 23; 47
2014-10-30 12:31:49; 23; 48
2014-10-30 12:32:20; 23; 48
2014-10-30 12:32:50; 23; 48
2014-10-30 12:33:21; 23; 48
2014-10-30 12:33:54; 23; 48
2014-10-30 12:34:24; 23; 48
2014-10-30 12:34:55; 23; 47
2014-10-30 12:35:28; 24; 48
2014-10-30 12:35:58; 24; 48
2014-10-30 12:36:29; 24; 48
2014-10-30 12:37:00; 24; 48
2014-10-30 12:37:30; 24; 48
2014-10-30 12:38:01; 24; 48
2014-10-30 12:38:34; 24; 48
2014-10-30 12:39:04; 24; 48
2014-10-30 12:39:37; 24; 48
2014-10-30 12:40:08; 24; 48
2014-10-30 12:40:38; 24; 48
2014-10-30 12:41:09; 24; 48
2014-10-30 12:41:40; 24; 48
2014-10-30 12:42:10; 24; 48
2014-10-30 12:42:41; 24; 48
2014-10-30 12:43:14; 24; 48
2014-10-30 12:43:44; 24; 48
2014-10-30 12:44:15; 24; 48
2014-10-30 12:44:45; 24; 48
2014-10-30 12:45:16; 24; 48
2014-10-30 12:45:47; 24; 48
2014-10-30 12:46:17; 24; 47
2014-10-30 12:46:48; 24; 47
2014-10-30 12:47:18; 24; 47
2014-10-30 12:47:49; 24; 47
2014-10-30 12:48:19; 24; 47
2014-10-30 12:48:50; 24; 48
2014-10-30 12:49:20; 25; 47
2014-10-30 12:49:51; 25; 47
2014-10-30 12:50:22; 25; 47
2014-10-30 12:50:52; 25; 47
2014-10-30 12:51:25; 25; 47
2014-10-30 12:51:56; 25; 47
2014-10-30 12:52:26; 25; 47
2014-10-30 12:52:57; 25; 47
2014-10-30 12:53:27; 25; 47
2014-10-30 12:53:58; 25; 47
2014-10-30 12:54:28; 25; 46
2014-10-30 12:54:59; 25; 46
2014-10-30 12:55:30; 25; 46
2014-10-30 12:56:00; 25; 46
2014-10-30 12:56:33; 25; 46
2014-10-30 12:57:04; 25; 46
2014-10-30 12:57:34; 25; 46
2014-10-30 12:58:05; 25; 46
2014-10-30 12:58:38; 25; 46
2014-10-30 12:59:08; 25; 46
2014-10-30 12:59:39; 25; 46
2014-10-30 13:00:15; 25; 46
2014-10-30 13:00:48; 25; 46
2014-10-30 13:01:18; 25; 46
2014-10-30 13:01:51; 25; 47
2014-10-30 13:02:22; 25; 46
2014-10-30 13:02:52; 25; 47
2014-10-30 13:03:23; 25; 47
2014-10-30 13:03:54; 25; 47
2014-10-30 13:04:24; 25; 46
2014-10-30 13:04:55; 25; 47
2014-10-30 13:05:25; 25; 47
2014-10-30 13:05:56; 25; 46
2014-10-30 13:06:26; 25; 47
2014-10-30 13:06:59; 25; 47
2014-10-30 13:07:35; 25; 46
2014-10-30 13:08:06; 25; 46
2014-10-30 13:08:36; 25; 46
2014-10-30 13:09:07; 25; 46
2014-10-30 13:09:37; 25; 46
2014-10-30 13:10:13; 25; 46
2014-10-30 13:10:43; 25; 46
2014-10-30 13:11:16; 25; 46
2014-10-30 13:11:47; 25; 46
2014-10-30 13:12:18; 25; 46
2014-10-30 13:12:48; 25; 46
2014-10-30 13:13:19; 25; 47
2014-10-30 13:13:54; 25; 46
2014-10-30 13:14:25; 25; 46
2014-10-30 13:14:55; 25; 46
2014-10-30 13:15:26; 25; 46
2014-10-30 13:15:56; 25; 46
2014-10-30 13:16:27; 25; 46
2014-10-30 13:16:58; 25; 46
2014-10-30 13:17:28; 25; 46
2014-10-30 13:18:04; 25; 46
2014-10-30 13:18:34; 25; 46
2014-10-30 13:19:05; 25; 46
2014-10-30 13:19:40; 25; 46
2014-10-30 13:20:11; 25; 46
2014-10-30 13:20:42; 25; 46
2014-10-30 13:21:12; 25; 46
2014-10-30 13:21:43; 25; 46
2014-10-30 13:22:13; 25; 46
2014-10-30 13:22:44; 25; 46
2014-10-30 13:23:14; 25; 46
2014-10-30 13:23:45; 25; 46
2014-10-30 13:24:18; 25; 46
2014-10-30 13:24:48; 25; 46
2014-10-30 13:25:19; 25; 46
2014-10-30 13:25:50; 25; 46
2014-10-30 13:26:20; 25; 46
2014-10-30 13:26:51; 25; 46
2014-10-30 13:27:21; 25; 46
2014-10-30 13:27:52; 25; 46
2014-10-30 13:28:22; 25; 46
2014-10-30 13:28:53; 25; 46
2014-10-30 13:29:23; 25; 46
2014-10-30 13:29:54; 25; 46
2014-10-30 13:30:25; 25; 46
2014-10-30 13:30:55; 26; 46
2014-10-30 13:31:26; 26; 46
2014-10-30 13:31:56; 26; 46
2014-10-30 13:32:27; 26; 46
2014-10-30 13:32:57; 26; 46
2014-10-30 13:33:28; 26; 46
2014-10-30 13:33:58; 26; 46
2014-10-30 13:34:31; 26; 45
2014-10-30 13:35:05; 26; 46
2014-10-30 13:35:35; 26; 46
2014-10-30 13:36:06; 26; 46
2014-10-30 13:36:36; 26; 46
2014-10-30 13:37:07; 26; 46
2014-10-30 13:37:37; 26; 46
2014-10-30 13:38:08; 26; 46
2014-10-30 13:38:41; 26; 46
2014-10-30 13:39:12; 26; 45
2014-10-30 13:39:47; 27; 45
2014-10-30 13:40:20; 27; 45
2014-10-30 13:40:51; 27; 44
2014-10-30 13:41:21; 26; 46
2014-10-30 13:41:52; 26; 46
2014-10-30 13:42:22; 26; 45
2014-10-30 13:42:53; 26; 46
2014-10-30 13:43:24; 27; 45
2014-10-30 13:43:54; 26; 45
2014-10-30 13:44:25; 26; 45
2014-10-30 13:44:55; 26; 46
2014-10-30 13:45:26; 27; 44
2014-10-30 13:45:56; 27; 44
2014-10-30 13:46:27; 27; 44
2014-10-30 13:46:57; 27; 44
2014-10-30 13:47:28; 27; 44
2014-10-30 13:47:59; 27; 44
2014-10-30 13:48:29; 27; 44
2014-10-30 13:49:00; 27; 45
2014-10-30 13:49:35; 27; 44
2014-10-30 13:50:06; 27; 44
2014-10-30 13:50:36; 27; 44
2014-10-30 13:51:07; 27; 44
2014-10-30 13:51:37; 27; 44
2014-10-30 13:52:08; 27; 44
2014-10-30 13:52:39; 27; 44
2014-10-30 13:53:09; 27; 44
2014-10-30 13:53:40; 27; 43
2014-10-30 13:54:10; 27; 44
2014-10-30 13:54:41; 27; 44
2014-10-30 13:55:14; 27; 44
2014-10-30 13:55:44; 27; 44
2014-10-30 13:56:17; 27; 44
2014-10-30 13:56:48; 27; 44
2014-10-30 13:57:19; 27; 44
2014-10-30 13:57:49; 27; 44
2014-10-30 13:58:22; 27; 44
2014-10-30 13:58:53; 27; 44
2014-10-30 13:59:23; 27; 44
2014-10-30 13:59:54; 27; 44
2014-10-30 14:00:27; 27; 44
2014-10-30 14:00:58; 27; 44
2014-10-30 14:01:28; 27; 44
2014-10-30 14:01:59; 27; 44
2014-10-30 14:02:32; 27; 44
2014-10-30 14:03:02; 27; 44
2014-10-30 14:03:33; 27; 44
2014-10-30 14:04:03; 27; 44
2014-10-30 14:04:34; 27; 44
2014-10-30 14:05:04; 27; 44
2014-10-30 14:05:38; 27; 44
2014-10-30 14:06:08; 27; 40
2014-10-30 14:06:39; 27; 44
2014-10-30 14:07:09; 27; 44
2014-10-30 14:07:40; 27; 44
2014-10-30 14:08:10; 27; 44
2014-10-30 14:08:41; 27; 44
2014-10-30 14:09:11; 27; 44
2014-10-30 14:09:44; 27; 44
2014-10-30 14:10:15; 27; 44
2014-10-30 14:10:46; 27; 44
2014-10-30 14:11:16; 27; 44
2014-10-30 14:11:47; 27; 44
2014-10-30 14:12:17; 27; 44
2014-10-30 14:12:48; 27; 44
2014-10-30 14:13:18; 27; 44
2014-10-30 14:13:54; 27; 44
2014-10-30 14:14:27; 27; 44
2014-10-30 14:14:58; 27; 44
2014-10-30 14:15:28; 27; 44
2014-10-30 14:15:59; 27; 44
2014-10-30 14:16:29; 27; 44
2014-10-30 14:17:00; 27; 44
2014-10-30 14:17:30; 27; 44
2014-10-30 14:18:01; 27; 44
2014-10-30 14:18:31; 27; 44
2014-10-30 14:19:02; 27; 44
2014-10-30 14:19:33; 27; 44
2014-10-30 14:20:03; 27; 44
2014-10-30 14:20:36; 27; 44
2014-10-30 14:21:07; 27; 44
2014-10-30 14:21:40; 27; 43
2014-10-30 14:22:10; 27; 43
2014-10-30 14:22:43; 27; 43
2014-10-30 14:23:14; 27; 43
2014-10-30 14:23:45; 28; 44
2014-10-30 14:24:20; 28; 43
2014-10-30 14:24:51; 27; 43
2014-10-30 14:25:21; 28; 43
2014-10-30 14:25:52; 28; 43
2014-10-30 14:26:22; 28; 43
2014-10-30 14:26:55; 28; 43
2014-10-30 14:27:26; 28; 43
2014-10-30 14:27:59; 28; 43
2014-10-30 14:28:30; 28; 43
2014-10-30 14:29:00; 28; 43
2014-10-30 14:29:36; 29; 42
2014-10-30 14:30:09; 29; 42
2014-10-30 14:30:39; 29; 42
2014-10-30 14:31:10; 29; 42
2014-10-30 14:31:41; 29; 42
2014-10-30 14:32:11; 29; 42
2014-10-30 14:32:42; 29; 42
2014-10-30 14:33:12; 29; 42
2014-10-30 14:33:43; 29; 42
2014-10-30 14:34:13; 29; 42
2014-10-30 14:34:44; 29; 42
2014-10-30 14:35:14; 29; 42
2014-10-30 14:35:48; 29; 42
2014-10-30 14:36:18; 29; 42
2014-10-30 14:36:49; 29; 42
2014-10-30 14:37:19; 29; 42
2014-10-30 14:37:50; 28; 43
2014-10-30 14:38:23; 28; 42
2014-10-30 14:38:53; 28; 42
2014-10-30 14:39:27; 28; 43
2014-10-30 14:39:57; 28; 43
2014-10-30 14:40:28; 28; 43
2014-10-30 14:40:58; 28; 43
2014-10-30 14:41:29; 28; 43
2014-10-30 14:41:59; 28; 43
2014-10-30 14:42:30; 28; 43
2014-10-30 14:43:00; 28; 43
2014-10-30 14:43:31; 28; 43
2014-10-30 14:44:04; 28; 43
2014-10-30 14:44:35; 28; 43
2014-10-30 14:45:05; 28; 43
2014-10-30 14:45:38; 27; 43
2014-10-30 14:46:09; 27; 43
2014-10-30 14:46:39; 27; 43
2014-10-30 14:47:10; 27; 43
2014-10-30 14:47:40; 27; 43
2014-10-30 14:48:11; 27; 43
2014-10-30 14:48:42; 27; 43
2014-10-30 14:49:12; 27; 43
2014-10-30 14:49:43; 27; 43
2014-10-30 14:50:13; 27; 43
2014-10-30 14:50:44; 27; 43
2014-10-30 14:51:17; 27; 43
2014-10-30 14:51:55; 27; 43
2014-10-30 14:52:31; 27; 43
2014-10-30 14:53:01; 27; 43
2014-10-30 14:53:32; 27; 43
2014-10-30 14:54:02; 27; 43
2014-10-30 14:54:33; 27; 43
2014-10-30 14:55:03; 26; 44
2014-10-30 14:55:34; 27; 43
2014-10-30 14:56:04; 27; 43
2014-10-30 14:56:35; 27; 43
2014-10-30 14:57:06; 27; 43
2014-10-30 14:57:36; 27; 43
2014-10-30 14:58:09; 27; 43
2014-10-30 14:58:40; 27; 43
2014-10-30 14:59:13; 26; 44
2014-10-30 14:59:43; 26; 44
2014-10-30 15:00:14; 26; 44
2014-10-30 15:00:44; 26; 44
2014-10-30 15:01:15; 27; 43
2014-10-30 15:01:46; 26; 44
2014-10-30 15:02:16; 26; 44
2014-10-30 15:02:47; 26; 44
2014-10-30 15:03:17; 26; 44
2014-10-30 15:03:48; 26; 44
2014-10-30 15:04:18; 26; 44
2014-10-30 15:04:54; 25; 44
2014-10-30 15:05:25; 25; 44
2014-10-30 15:05:55; 25; 44
2014-10-30 15:06:26; 25; 45
2014-10-30 15:06:56; 25; 44
2014-10-30 15:07:27; 25; 44
2014-10-30 15:07:57; 25; 44
2014-10-30 15:08:28; 25; 44
2014-10-30 15:09:01; 25; 45
2014-10-30 15:09:32; 25; 44
2014-10-30 15:10:07; 25; 44
2014-10-30 15:10:38; 25; 44
2014-10-30 15:11:08; 25; 45
2014-10-30 15:11:39; 25; 45
2014-10-30 15:12:09; 25; 45
2014-10-30 15:12:40; 25; 45
2014-10-30 15:13:10; 25; 45
2014-10-30 15:13:41; 25; 45
2014-10-30 15:14:17; 25; 45
2014-10-30 15:14:47; 25; 44
2014-10-30 15:15:25; 25; 45
2014-10-30 15:15:58; 25; 45
2014-10-30 15:16:29; 25; 45
2014-10-30 15:16:59; 25; 45
2014-10-30 15:17:30; 25; 45
2014-10-30 15:18:01; 25; 45
2014-10-30 15:18:31; 25; 45
2014-10-30 15:19:04; 25; 45
2014-10-30 15:19:35; 25; 45
2014-10-30 15:20:05; 25; 44
2014-10-30 15:20:41; 25; 45
2014-10-30 15:21:11; 25; 45
2014-10-30 15:21:47; 25; 45
2014-10-30 15:22:18; 25; 45
2014-10-30 15:22:48; 25; 45
2014-10-30 15:23:19; 25; 45
2014-10-30 15:23:49; 25; 45
2014-10-30 15:24:20; 25; 45
2014-10-30 15:24:53; 25; 45
2014-10-30 15:25:23; 25; 45
2014-10-30 15:25:54; 25; 45
2014-10-30 15:26:25; 25; 45
2014-10-30 15:26:55; 25; 45
2014-10-30 15:27:26; 25; 45
2014-10-30 15:27:59; 25; 45
2014-10-30 15:28:32; 25; 45
2014-10-30 15:29:02; 25; 45
2014-10-30 15:29:33; 25; 45
2014-10-30 15:30:04; 25; 45
2014-10-30 15:30:34; 25; 45
2014-10-30 15:31:07; 25; 45
2014-10-30 15:31:38; 25; 45
2014-10-30 15:32:13; 25; 45
2014-10-30 15:32:44; 25; 45
2014-10-30 15:33:14; 25; 45
2014-10-30 15:33:45; 25; 45
2014-10-30 15:34:16; 25; 45
2014-10-30 15:34:46; 25; 45
2014-10-30 15:35:17; 25; 45
2014-10-30 15:35:47; 25; 45
2014-10-30 15:36:20; 25; 45
2014-10-30 15:36:51; 26; 45
2014-10-30 15:37:21; 25; 45
2014-10-30 15:37:52; 26; 45
2014-10-30 15:38:22; 26; 45
2014-10-30 15:38:56; 26; 45
2014-10-30 15:39:26; 26; 45
2014-10-30 15:39:57; 26; 45
2014-10-30 15:40:27; 26; 45
2014-10-30 15:40:58; 26; 45
2014-10-30 15:41:36; 26; 45
2014-10-30 15:42:06; 26; 45
2014-10-30 15:42:37; 26; 45
2014-10-30 15:43:08; 26; 45
2014-10-30 15:43:38; 26; 45
2014-10-30 15:44:09; 26; 45
2014-10-30 15:44:39; 26; 45
2014-10-30 15:45:10; 25; 45
2014-10-30 15:45:40; 25; 45
2014-10-30 15:46:11; 26; 45
2014-10-30 15:46:41; 25; 45
2014-10-30 15:47:12; 25; 45
2014-10-30 15:47:43; 25; 45
2014-10-30 15:48:13; 25; 45
2014-10-30 15:48:44; 25; 45
2014-10-30 15:49:14; 25; 44
2014-10-30 15:49:45; 25; 45
2014-10-30 15:50:15; 25; 45
2014-10-30 15:50:46; 25; 45
2014-10-30 15:51:16; 25; 45
2014-10-30 15:51:47; 25; 45
2014-10-30 15:52:20; 25; 45
2014-10-30 15:52:51; 25; 45
2014-10-30 15:53:21; 25; 45
2014-10-30 15:53:52; 26; 45
2014-10-30 15:54:25; 25; 45
2014-10-30 15:54:55; 25; 45
2014-10-30 15:55:26; 25; 45
2014-10-30 15:55:56; 25; 45
2014-10-30 15:56:30; 26; 45
2014-10-30 15:57:00; 25; 45
2014-10-30 15:57:31; 25; 45
2014-10-30 15:58:04; 25; 45
2014-10-30 15:58:37; 25; 45
2014-10-30 15:59:10; 25; 45
2014-10-30 15:59:40; 25; 45
2014-10-30 16:00:11; 25; 45
2014-10-30 16:00:44; 25; 45
2014-10-30 16:01:15; 25; 45
2014-10-30 16:01:45; 25; 45
2014-10-30 16:02:16; 25; 45
2014-10-30 16:02:46; 25; 45
2014-10-30 16:03:19; 25; 45
2014-10-30 16:03:50; 25; 45
2014-10-30 16:04:20; 25; 45
2014-10-30 16:04:51; 25; 45
2014-10-30 16:05:22; 25; 45
2014-10-30 16:05:52; 25; 45
2014-10-30 16:06:23; 25; 45
2014-10-30 16:06:53; 26; 45
2014-10-30 16:07:24; 25; 45
2014-10-30 16:07:54; 25; 45
2014-10-30 16:08:25; 25; 45
2014-10-30 16:08:58; 25; 45
2014-10-30 16:09:28; 25; 45
2014-10-30 16:09:59; 25; 45
2014-10-30 16:10:30; 26; 45
2014-10-30 16:11:00; 25; 45
2014-10-30 16:11:31; 25; 45
2014-10-30 16:12:01; 25; 45
2014-10-30 16:12:32; 25; 45
2014-10-30 16:13:02; 25; 45
2014-10-30 16:13:33; 25; 45
2014-10-30 16:14:06; 25; 45
2014-10-30 16:14:37; 26; 45
2014-10-30 16:15:07; 25; 45
2014-10-30 16:15:40; 25; 45
2014-10-30 16:16:11; 25; 45
2014-10-30 16:16:41; 25; 45
2014-10-30 16:17:14; 25; 45
2014-10-30 16:17:45; 25; 45
2014-10-30 16:18:15; 25; 45
2014-10-30 16:18:46; 25; 45
2014-10-30 16:19:17; 25; 45
2014-10-30 16:19:47; 25; 45
2014-10-30 16:20:18; 25; 45
2014-10-30 16:20:51; 25; 45
2014-10-30 16:21:21; 25; 45
2014-10-30 16:21:52; 25; 45
2014-10-30 16:22:22; 25; 45
2014-10-30 16:22:53; 25; 45
2014-10-30 16:23:24; 25; 45
2014-10-30 16:23:57; 25; 45
2014-10-30 16:24:27; 24; 46
2014-10-30 16:24:58; 24; 46
2014-10-30 16:25:28; 24; 46
2014-10-30 16:26:04; 24; 46
2014-10-30 16:26:34; 24; 46
2014-10-30 16:27:05; 24; 47
2014-10-30 16:27:36; 24; 47
2014-10-30 16:28:06; 24; 47
2014-10-30 16:28:37; 24; 47
2014-10-30 16:29:07; 24; 47
2014-10-30 16:29:38; 24; 47
2014-10-30 16:30:08; 24; 47
2014-10-30 16:30:39; 24; 46
2014-10-30 16:31:09; 24; 47
2014-10-30 16:31:40; 24; 47
2014-10-30 16:32:11; 24; 47
2014-10-30 16:32:41; 24; 46
2014-10-30 16:33:12; 24; 47
2014-10-30 16:33:45; 24; 46
2014-10-30 16:34:15; 24; 46
2014-10-30 16:34:46; 23; 46
2014-10-30 16:35:16; 23; 46
2014-10-30 16:35:47; 23; 46
2014-10-30 16:36:17; 24; 46
2014-10-30 16:36:48; 24; 46
2014-10-30 16:37:19; 23; 46
2014-10-30 16:37:49; 23; 46
2014-10-30 16:38:20; 23; 46
2014-10-30 16:38:50; 23; 47
2014-10-30 16:39:21; 23; 46
2014-10-30 16:39:56; 23; 46
2014-10-30 16:40:30; 23; 46
2014-10-30 16:41:00; 23; 46
2014-10-30 16:41:31; 23; 46
2014-10-30 16:42:01; 23; 46
2014-10-30 16:42:32; 23; 46
2014-10-30 16:43:10; 23; 46
2014-10-30 16:43:40; 23; 46
2014-10-30 16:44:11; 23; 46
2014-10-30 16:44:42; 23; 46
2014-10-30 16:45:12; 23; 46
2014-10-30 16:45:43; 23; 46
2014-10-30 16:46:13; 23; 46
2014-10-30 16:46:44; 23; 46
2014-10-30 16:47:17; 23; 46
2014-10-30 16:47:47; 23; 46
2014-10-30 16:48:18; 23; 46
2014-10-30 16:48:48; 23; 46
2014-10-30 16:49:19; 23; 46
2014-10-30 16:49:50; 23; 46
2014-10-30 16:50:25; 23; 46
2014-10-30 16:50:56; 23; 46
2014-10-30 16:51:26; 23; 47
2014-10-30 16:51:57; 23; 46
2014-10-30 16:52:27; 23; 46
2014-10-30 16:52:58; 23; 46
2014-10-30 16:53:34; 23; 46
2014-10-30 16:54:04; 23; 46
2014-10-30 16:54:35; 23; 46
2014-10-30 16:55:05; 23; 47
2014-10-30 16:55:36; 23; 46
2014-10-30 16:56:06; 23; 46
2014-10-30 16:56:37; 23; 46
2014-10-30 16:57:07; 23; 46
2014-10-30 16:57:38; 23; 46
2014-10-30 16:58:09; 23; 46
2014-10-30 16:58:39; 23; 46
2014-10-30 16:59:10; 23; 47
2014-10-30 16:59:43; 23; 46
2014-10-30 17:00:13; 22; 47
2014-10-30 17:00:44; 22; 47
2014-10-30 17:01:14; 22; 47
2014-10-30 17:01:45; 22; 47
2014-10-30 17:02:16; 22; 47
2014-10-30 17:02:46; 22; 47
2014-10-30 17:03:17; 22; 47
2014-10-30 17:03:47; 22; 47
2014-10-30 17:04:20; 22; 47
2014-10-30 17:04:56; 22; 47
2014-10-30 17:05:26; 22; 47
2014-10-30 17:05:57; 22; 48
2014-10-30 17:06:28; 22; 47
2014-10-30 17:07:01; 22; 48
2014-10-30 17:07:31; 22; 47
2014-10-30 17:08:02; 22; 48
2014-10-30 17:08:32; 22; 48
2014-10-30 17:09:03; 22; 48
2014-10-30 17:09:33; 22; 48
2014-10-30 17:10:04; 22; 48
2014-10-30 17:10:34; 22; 48
2014-10-30 17:11:10; 22; 48
2014-10-30 17:11:43; 22; 48
2014-10-30 17:12:14; 22; 47
2014-10-30 17:12:44; 22; 48
2014-10-30 17:13:15; 22; 48
2014-10-30 17:13:45; 22; 48
2014-10-30 17:14:16; 22; 48
2014-10-30 17:14:46; 22; 48
2014-10-30 17:15:17; 22; 48
2014-10-30 17:15:48; 22; 48
2014-10-30 17:16:18; 22; 48
2014-10-30 17:16:51; 22; 48
2014-10-30 17:17:22; 22; 48
2014-10-30 17:17:52; 22; 48
2014-10-30 17:18:23; 22; 48
2014-10-30 17:18:53; 22; 48
2014-10-30 17:19:24; 22; 48
2014-10-30 17:19:55; 21; 48
2014-10-30 17:20:28; 22; 48
2014-10-30 17:20:58; 21; 48
2014-10-30 17:21:29; 21; 48
2014-10-30 17:21:59; 21; 48
2014-10-30 17:22:30; 21; 48
2014-10-30 17:23:00; 21; 48
2014-10-30 17:23:31; 21; 48
2014-10-30 17:24:01; 21; 48
2014-10-30 17:24:35; 21; 48
2014-10-30 17:25:10; 21; 48
2014-10-30 17:25:41; 21; 48
2014-10-30 17:26:14; 21; 48
2014-10-30 17:26:44; 21; 48
2014-10-30 17:27:15; 21; 48
2014-10-30 17:27:45; 21; 48
2014-10-30 17:28:16; 21; 48
2014-10-30 17:28:49; 21; 48
2014-10-30 17:29:20; 21; 48
2014-10-30 17:29:50; 21; 48
2014-10-30 17:30:26; 21; 48
2014-10-30 17:30:56; 21; 48
2014-10-30 17:31:27; 21; 48
2014-10-30 17:31:57; 21; 48
2014-10-30 17:32:31; 21; 48
2014-10-30 17:33:01; 21; 48
2014-10-30 17:33:32; 21; 48
2014-10-30 17:34:02; 21; 48
2014-10-30 17:34:33; 21; 48
2014-10-30 17:35:03; 21; 49
2014-10-30 17:35:36; 21; 48
2014-10-30 17:36:07; 21; 48
2014-10-30 17:36:37; 21; 49
2014-10-30 17:37:08; 21; 48
2014-10-30 17:37:39; 21; 48
2014-10-30 17:38:09; 21; 49
2014-10-30 17:38:42; 21; 48
2014-10-30 17:39:13; 21; 48
2014-10-30 17:39:43; 21; 49
2014-10-30 17:40:16; 21; 49
2014-10-30 17:40:47; 21; 48
2014-10-30 17:41:18; 21; 49
2014-10-30 17:41:51; 21; 49
2014-10-30 17:42:24; 21; 49
2014-10-30 17:42:54; 21; 48
2014-10-30 17:43:25; 21; 49
2014-10-30 17:43:55; 21; 48
2014-10-30 17:44:26; 21; 49
2014-10-30 17:44:56; 21; 49
2014-10-30 17:45:27; 21; 49
2014-10-30 17:46:00; 21; 49
2014-10-30 17:46:33; 21; 49
2014-10-30 17:47:04; 21; 48
2014-10-30 17:47:37; 21; 49
2014-10-30 17:48:07; 21; 48
2014-10-30 17:48:38; 21; 49
2014-10-30 17:49:08; 21; 49
2014-10-30 17:49:42; 21; 49
2014-10-30 17:50:15; 21; 49
2014-10-30 17:50:45; 21; 48
2014-10-30 17:51:16; 21; 48
2014-10-30 17:51:46; 21; 49
2014-10-30 17:52:17; 21; 49
2014-10-30 17:52:50; 21; 49
2014-10-30 17:53:20; 21; 48
2014-10-30 17:53:51; 21; 49
2014-10-30 17:54:21; 21; 49
2014-10-30 17:54:52; 21; 49
2014-10-30 17:55:23; 21; 49
2014-10-30 17:55:53; 21; 49
2014-10-30 17:56:24; 21; 49
2014-10-30 17:56:54; 21; 49
2014-10-30 17:57:25; 21; 49
2014-10-30 17:57:58; 21; 49
2014-10-30 17:58:28; 21; 48
2014-10-30 17:58:59; 21; 49
2014-10-30 17:59:30; 21; 49
2014-10-30 18:00:00; 21; 49
2014-10-30 18:00:31; 21; 48
2014-10-30 18:01:01; 20; 50
2014-10-30 18:01:32; 21; 49
2014-10-30 18:02:07; 20; 50
2014-10-30 18:02:40; 20; 50
2014-10-30 18:03:11; 21; 48
2014-10-30 18:03:42; 20; 50
2014-10-30 18:04:12; 21; 49
2014-10-30 18:04:43; 21; 49
2014-10-30 18:05:13; 20; 50
2014-10-30 18:05:44; 20; 50
2014-10-30 18:06:14; 20; 50
2014-10-30 18:06:45; 20; 50
2014-10-30 18:07:15; 20; 50
2014-10-30 18:07:46; 20; 50
2014-10-30 18:08:19; 20; 50
2014-10-30 18:08:50; 20; 49
2014-10-30 18:09:20; 20; 50
2014-10-30 18:09:51; 20; 50
2014-10-30 18:10:21; 20; 50
2014-10-30 18:10:52; 20; 50
2014-10-30 18:11:22; 20; 50
2014-10-30 18:11:53; 20; 50
2014-10-30 18:12:23; 20; 50
2014-10-30 18:12:54; 20; 50
2014-10-30 18:13:27; 21; 49
2014-10-30 18:13:58; 20; 50
2014-10-30 18:14:28; 20; 50
2014-10-30 18:14:59; 20; 50
2014-10-30 18:15:29; 20; 50
2014-10-30 18:16:00; 20; 49
2014-10-30 18:16:30; 20; 50
2014-10-30 18:17:01; 20; 50
2014-10-30 18:17:32; 20; 50
2014-10-30 18:18:02; 20; 50
2014-10-30 18:18:33; 20; 50
2014-10-30 18:19:03; 20; 50
2014-10-30 18:19:34; 20; 50
2014-10-30 18:20:04; 20; 49
2014-10-30 18:20:35; 20; 50
2014-10-30 18:21:05; 20; 50
2014-10-30 18:21:36; 20; 50
2014-10-30 18:22:07; 20; 50
2014-10-30 18:22:37; 20; 50
2014-10-30 18:23:08; 20; 50
2014-10-30 18:23:41; 20; 50
2014-10-30 18:24:11; 20; 50
2014-10-30 18:24:47; 20; 50
2014-10-30 18:25:17; 20; 50
2014-10-30 18:25:48; 20; 50
2014-10-30 18:26:19; 20; 49
2014-10-30 18:26:49; 20; 50
2014-10-30 18:27:20; 20; 50
2014-10-30 18:27:50; 20; 49
2014-10-30 18:28:23; 20; 50
2014-10-30 18:28:54; 20; 50
2014-10-30 18:29:24; 20; 50
2014-10-30 18:29:57; 20; 50
2014-10-30 18:30:28; 20; 50
2014-10-30 18:30:59; 20; 50
2014-10-30 18:31:32; 20; 50
2014-10-30 18:32:02; 20; 50
2014-10-30 18:32:33; 20; 50
2014-10-30 18:33:03; 20; 50
2014-10-30 18:33:34; 20; 50
2014-10-30 18:34:04; 20; 50
2014-10-30 18:34:35; 20; 50
2014-10-30 18:35:06; 20; 50
2014-10-30 18:35:36; 20; 50
2014-10-30 18:36:07; 20; 50
2014-10-30 18:36:37; 20; 50
2014-10-30 18:37:08; 20; 50
2014-10-30 18:37:38; 20; 50
2014-10-30 18:38:11; 20; 50
2014-10-30 18:38:42; 20; 49
2014-10-30 18:39:12; 20; 50
2014-10-30 18:39:43; 20; 50
2014-10-30 18:40:14; 20; 50
2014-10-30 18:40:44; 20; 49
2014-10-30 18:41:15; 20; 50
2014-10-30 18:41:45; 20; 49
2014-10-30 18:42:16; 20; 50
2014-10-30 18:42:46; 20; 50
2014-10-30 18:43:17; 20; 50
2014-10-30 18:43:47; 20; 50
2014-10-30 18:44:18; 20; 50
2014-10-30 18:44:49; 20; 49
2014-10-30 18:45:19; 20; 50
2014-10-30 18:45:50; 20; 50
2014-10-30 18:46:25; 20; 50
2014-10-30 18:46:56; 20; 50
2014-10-30 18:47:29; 20; 50
2014-10-30 18:47:59; 20; 50
2014-10-30 18:48:30; 20; 50
2014-10-30 18:49:01; 20; 50
2014-10-30 18:49:31; 21; 49
2014-10-30 18:50:02; 21; 49
2014-10-30 18:50:35; 21; 49
2014-10-30 18:51:08; 21; 49
2014-10-30 18:51:38; 21; 49
2014-10-30 18:52:09; 21; 49
2014-10-30 18:52:42; 21; 49
2014-10-30 18:53:13; 21; 49
2014-10-30 18:53:46; 21; 50
2014-10-30 18:54:16; 21; 49
2014-10-30 18:54:47; 21; 49
2014-10-30 18:55:20; 21; 49
2014-10-30 18:55:50; 21; 49
2014-10-30 18:56:21; 21; 49
2014-10-30 18:56:51; 21; 49
2014-10-30 18:57:22; 21; 49
2014-10-30 18:57:53; 21; 49
2014-10-30 18:58:23; 22; 49
2014-10-30 18:58:54; 21; 49
2014-10-30 18:59:24; 22; 49
2014-10-30 18:59:57; 22; 49
2014-10-30 19:00:28; 22; 49
2014-10-30 19:00:58; 22; 49
2014-10-30 19:01:29; 22; 49
2014-10-30 19:01:59; 22; 49
2014-10-30 19:02:30; 22; 49
2014-10-30 19:03:01; 22; 49
2014-10-30 19:03:31; 22; 49
2014-10-30 19:04:02; 22; 49
2014-10-30 19:04:32; 22; 49
2014-10-30 19:05:03; 22; 49
2014-10-30 19:05:33; 22; 49
2014-10-30 19:06:04; 22; 49
2014-10-30 19:06:34; 22; 49
2014-10-30 19:07:05; 22; 49
2014-10-30 19:07:36; 22; 49
2014-10-30 19:08:06; 22; 49
2014-10-30 19:08:37; 22; 49
2014-10-30 19:09:07; 22; 49
2014-10-30 19:09:40; 22; 49
2014-10-30 19:10:11; 22; 49
2014-10-30 19:10:41; 22; 49
2014-10-30 19:11:15; 22; 49
2014-10-30 19:11:45; 22; 49
2014-10-30 19:12:16; 22; 49
2014-10-30 19:12:46; 22; 49
2014-10-30 19:13:17; 22; 49
2014-10-30 19:13:52; 22; 49
2014-10-30 19:14:23; 22; 49
2014-10-30 19:14:53; 22; 50
2014-10-30 19:15:24; 22; 50
2014-10-30 19:15:55; 22; 49
2014-10-30 19:16:25; 22; 49
2014-10-30 19:16:56; 22; 49
2014-10-30 19:17:26; 22; 50
2014-10-30 19:17:57; 22; 50
2014-10-30 19:18:27; 22; 50
2014-10-30 19:19:00; 22; 50
2014-10-30 19:19:31; 22; 50
2014-10-30 19:20:01; 22; 50
2014-10-30 19:20:35; 22; 50
2014-10-30 19:21:08; 22; 50
2014-10-30 19:21:38; 22; 50
2014-10-30 19:22:09; 22; 51
2014-10-30 19:22:39; 22; 50
2014-10-30 19:23:10; 22; 50
2014-10-30 19:23:40; 22; 50
2014-10-30 19:24:11; 22; 50
2014-10-30 19:24:42; 22; 50
2014-10-30 19:25:12; 22; 50
2014-10-30 19:25:43; 22; 49
2014-10-30 19:26:13; 22; 50
2014-10-30 19:26:44; 22; 50
2014-10-30 19:27:14; 22; 50
2014-10-30 19:27:45; 22; 50
2014-10-30 19:28:15; 22; 50
2014-10-30 19:28:46; 22; 50
2014-10-30 19:29:17; 22; 50
2014-10-30 19:29:47; 22; 50
2014-10-30 19:30:18; 22; 50
2014-10-30 19:30:48; 22; 50
2014-10-30 19:31:19; 22; 50
2014-10-30 19:31:49; 22; 50
2014-10-30 19:32:20; 22; 50
2014-10-30 19:32:50; 22; 50
2014-10-30 19:33:21; 22; 50
2014-10-30 19:33:51; 22; 50
2014-10-30 19:34:22; 22; 50
2014-10-30 19:34:53; 22; 50
2014-10-30 19:35:26; 22; 50
2014-10-30 19:35:59; 22; 50
2014-10-30 19:36:29; 22; 50
2014-10-30 19:37:00; 22; 50
2014-10-30 19:37:30; 22; 50
2014-10-30 19:38:03; 22; 51
2014-10-30 19:38:34; 22; 50
2014-10-30 19:39:05; 22; 51
2014-10-30 19:39:35; 22; 50
2014-10-30 19:40:06; 22; 50
2014-10-30 19:40:39; 22; 51
2014-10-30 19:41:09; 22; 50
2014-10-30 19:41:40; 22; 51
2014-10-30 19:42:10; 22; 51
2014-10-30 19:42:41; 22; 51
2014-10-30 19:43:12; 22; 51
2014-10-30 19:43:45; 22; 51
2014-10-30 19:44:15; 22; 50
2014-10-30 19:44:51; 22; 50
2014-10-30 19:45:24; 22; 51
2014-10-30 19:45:54; 22; 50
2014-10-30 19:46:25; 22; 51
2014-10-30 19:46:56; 22; 51
2014-10-30 19:47:26; 22; 51
2014-10-30 19:47:57; 22; 50
2014-10-30 19:48:27; 22; 51
2014-10-30 19:49:00; 22; 51
2014-10-30 19:49:31; 22; 50
2014-10-30 19:50:01; 22; 51
2014-10-30 19:50:32; 22; 51
2014-10-30 19:51:02; 22; 51
2014-10-30 19:51:33; 22; 51
2014-10-30 19:52:04; 22; 51
2014-10-30 19:52:34; 22; 51
2014-10-30 19:53:05; 22; 51
